{
  "info": {
    "name": "Ecommerce Bookstore API",
    "_postman_id": "ecommerce-sample-collection",
    "description": "Basic requests for the bookstore backend",
    "schema": "https://schema.getpostman.com/json/collection/v2.1.0/collection.json"
  },
  "item": [
    {
      "name": "Register",
      "request": {
        "method": "POST",
        "header": [
          {
            "key": "Content-Type",
            "value": "application/json"
          }
        ],
        "body": {
          "mode": "raw",
          "raw": "{\"email\":\"alice@example.com\",\"password\":\"pass123\",\"fullName\":\"Alice\"}"
        },
        "url": {
          "raw": "http://localhost:8080/api/auth/register",
          "protocol": "http",
          "host": [
            "localhost"
          ],
          "port": "8080",
          "path": [
            "api",
            "auth",
            "register"
          ]
        }
      }
    },
    {
      "name": "Login",
      "request": {
        "method": "POST",
        "header": [
          {
            "key": "Content-Type",
            "value": "application/json"
          }
        ],
        "body": {
          "mode": "raw",
          "raw": "{\"email\":\"alice@example.com\",\"password\":\"pass123\"}"
        },
        "url": {
          "raw": "http://localhost:8080/api/auth/login",
          "protocol": "http",
          "host": [
            "localhost"
          ],
          "port": "8080",
          "path": [
            "api",
            "auth",
            "login"
          ]
        }
      }
    },
    {
      "name": "Search Books",
      "request": {
        "method": "GET",
        "url": {
          "raw": "http://localhost:8080/api/books/search?q=java",
          "protocol": "http",
          "host": [
            "localhost"
          ],
          "port": "8080",
          "path": [
            "api",
            "books",
            "search"
          ],
          "query": [
            {
              "key": "q",
              "value": "java"
            }
          ]
        }
      }
    }
  ]
}